"Top 3000 query",Count
undefined,455859
ec,247628
eb,213814
"견미리팩트",178229
ed,159281
"현대홈쇼핑",120399
"아이오페",107701
b8,107489
"해외여행",105440
ac,102307
"알집매트",101004
"캐리어",98377
a4,97245
b4,95452
"골든구스",93287
8a,93256
ahc,92024
84,89068
"노트북",85509
"크림하우스",84289
b0,83132
a0,78582
"여성가방",76408
"아디다스",74232
ea,73415
95,73261
9d,72433
bc,71646
tv,68353
"나이키",67884
8c,66775
94,65512
"여행",65477
"시원스쿨",64997
"여성속옷세트",63194
98,63155
"침대",62497
"여성신발",62099
"에어쿠션",61946
"베리떼",61642
"휴롬",61468
"청소기",61168
"에어컨",60675
"원더브라",60328
"마스크팩",58866
"롯데홈쇼핑",58585
a6,57883
"자이글",57375
1,56971
"해피콜",56381
9c,54410
"여성속옷",54026
"속옷",53321
"냉장고",53291
88,53063
"블루래빗",52072
"이불",52037
"유모차",50962
"정관장",50777
"여성티셔츠",50208
"블라우스",50154
a7,50061
80,49867
"여성의류",49662
"공기청정기",48949
"홈앤쇼핑",48367
"침구세트",47843
"이케아",47425
"쿠쿠압력밥솥",46901
"아이크림",46008
"슈퍼스타",45868
"운동화",45851
"애플비",45649
8b,45239
"세탁기",45209
"아메리칸투어리스터",44603
"여행용캐리어",44444
a8,44214
"쇼파",43544
"견미리팩트시즌5",42213
"맥스클리닉",41740
"가방",41663
90,40947
"슬립온",40916
"선글라스",40689
"cj홈쇼핑",40594
"모이몰른",40547
"여성슬립온",40469
"정수기",40419
"커튼",39328
b9,39091
"더페이스샵",38684
"매직캔",38346
"아토팜",37751
"여성",37342
"실크테라피",37191
"크림하우스매트",37111
"신발",37091
97,36900
"트레이닝복세트",36877
"여성블라우스",36861
81,36674
"퍼실",36591
"다이슨무선청소기",36380
"견과류",35358
"화장품",35235
"핸드폰",35079
"여성바지",34826
"암막커튼",34457
"다이슨",33706
"리리코스",33058
b2,32963
8d,32583
"해외여행패키지",32258
"냄비세트",31409
96,31309
"코렐",31172
"이불세트",31162
"홍삼",30955
"여성구두",30723
"남성",30695
"블루래빗전집",29751
"파운데이션",29661
"라네즈",29571
"견미리",29309
"백팩",28892
9e,28877
"그릇세트",28574
"gs홈쇼핑",28212
"기초화장품세트",28130
"티셔츠",27861
"터닝메카드",27735
"다이어트",27573
86,27404
"휴대폰",26938
"오렌지",26806
"코코넛오일",26734
"범퍼침대",26639
"블랙박스",26472
a9,26016
"여성자켓",25783
b1,25709
"냄비",25676
85,25654
"노와이어",25634
"엘렌실라달팽이크림",25483
82,25462
"팬츠",24952
"시원스쿨탭8.0",24913
"삼성노트북",24810
"청바지",24708
"도깨비방망이",24570
"씨제이홈쇼핑",24475
"후라이팬",24285
"ts샴푸",24111
"재킷",24102
"무선청소기",24037
"쿠쿠",23942
lg,23891
"삼성노트북9",23858
"삼성",23750
"썬스틱",23747
"여성백팩",23683
"세인트제임스",23656
1603wshopallinweek,23639
"소파",23312
"블렌더",23272
"폼블럭",22982
"믹서기",22837
"햄프씨드",22826
age,22776
"와이드팬츠",22660
"에이지투웨니스",22511
"마키베리",22394
a5,22354
"포트메리온",22019
b3,21970
"침구",21937
83,21731
"빨래건조대",21713
bd,21662
"쿠션",21594
"미키모토",21420
"여행용캐리어세트",21408
"스니커즈",21161
"매트",21101
"보정속옷",21082
"여행가방",21063
"노와이어브라세트",21049
"자켓",21024
"남성티셔츠",20919
"한샘",20918
"애플비전집",20916
"밥솥",20811
"에브리타임",20727
"ns홈쇼핑",20472
"기저귀",20413
"아너스물걸레청소기",20369
"루즈핏",20059
"화장지",20041
"아로니아",19905
99,19668
"원피스",19658
"앨리스앤블루",19655
"김치냉장고",19633
"양문형냉장고",19621
"차렵이불세트",19599
"여성트레이닝복",19596
20s,19434
"바지",19419
"아로니아분말",19390
"행거",19301
"유산균",19196
a1,19018
"덴비",18986
"남성바지",18922
"입생로랑쿠션",18731
"브라팬티세트",18704
"카카오",18641
"로퍼",18578
"커텐",18472
"ㅇ",18306
"트랙수트",18204
"질경이",17856
"물걸레청소기",17705
"팩트",17690
"지에스홈쇼핑",17685
"자이글핸썸",17683
"남성속옷",17595
"오쿠",17475
"식품건조기",17442
uhd,17324
"이연복",17318
"트레이닝복",17258
"여성청바지",17084
"서랍장",17041
"매직캔휴지통",17024
"썬글라스",17005
"썬크림",16901
"마데카크림",16775
"입생로랑",16748
"센스맘에어매트리스",16637
"그릇",16515
"아이챌린지",16514
"카페트",16449
"남성자켓",16440
"세트",16397
"cj오쇼핑",16372
"사과",16337
"김치",16296
"오토비스",16276
91,16232
"피지오겔",16180
"캐논",16112
"ahc아이크림4",16067
"마이크로킥보드",16020
"이연복탕수육",16019
"스마트폰",15969
"드로즈",15965
"리리코스마린콜라겐쿠션",15961
"남성팬티",15874
"락앤락",15862
"하기스",15817
"뱅뱅",15717
"한샘붙박이장",15583
"나이키운동화",15580
"해피콜후라이팬",15530
"아너스",15518
"틴트",15496
"쿠션파운데이션",15412
"선반",15324
"플랫",15304
"고데기",15299
"여성스니커즈",15289
"여성트렌치코트",15221
89,15212
"반바지",15203
b5,15101
"스팀다리미",15094
"두유",15076
"닥터자르트",14951
9a,14898
"식기건조대",14844
"일렉트로룩스",14798
"맥포머스",14794
"견과",14752
"우레탄굽",14597
"차앤박",14590
"레이캅",14564
"비비엔다",14541
"리빙박스",14461
"매트리스",14368
"악마다이어트",14361
8f,14351
"아마씨",14342
"샴푸",14287
"여성로퍼",14285
"명품가방",14228
"푸마",14196
"수려한",14178
"아리따움",14152
"하루견과",14152
"터닝메카드그리핑크스",14145
"테팔",14043
"리큅",14028
"비데",14007
"야상",13958
"꼬달리",13933
"퍼실세제",13855
"생리대",13786
"비비안",13732
"크림하우스1",13730
"아디다스트레이닝복",13511
"데님",13482
"남성정장",13475
"브라",13457
"페넥",13452
"리엔케이",13392
"여성야상",13305
"골프웨어",13283
"차렵이불",13262
"슈즈",13250
"프리마클라쎄",13217
"내셔널지오그래픽",13054
"휴지",12971
9b,12938
"시원스쿨탭",12903
af,12833
"아메리칸투어리스터세트",12758
"팩",12732
"구찌가방",12725
"보솜이",12585
bf,12547
"붙박이장",12525
"이자녹스",12517
"키높이운동화",12507
"ㅅ",12485
"괌",12456
ad,12449
"거실커튼",12442
"백",12323
"등산화",12212
b7,12180
"수페르가",12109
"선스틱",12072
"샤오미",12071
"핸드백",12053
"베라왕속옷",12005
"허라취",11887
"놀이방매트",11881
"철제",11828
"스피루리나",11806
"리파캐럿",11742
"가누다베개",11731
"셀더마",11693
"한샘씽크대",11642
"리안유모차",11636
"알레르망",11605
1604kshopallinweek,11502
"a.h.c",11444
"삼성공기청정기",11433
"쿠쿠10인용",11419
"텐트",11338
"삼성에어컨",11249
"크로스백",11205
"에어프라이어",11128
"여성팬츠",11051
"차홍고데기",11047
"토퍼",11038
"남성드로즈",10996
"거실장",10986
"브레라",10980
"코트",10965
"스마트",10913
"아디다스운동화",10870
93,10836
"화장대",10771
"글라스락",10695
"삼성냉장고",10658
"여성코트",10643
"식탁",10580
vote160412,10541
"여성화",10539
"필립스면도기",10538
"한율",10537
"테아",10530
"여에스더유산균",10507
a3,10463
"이지케이",10445
"남성구두",10441
"아디다스여성속옷",10423
"lg그램",10412
"삼성세탁기",10349
"유럽여행",10342
"구찌",10330
"여성티셔츠세트",10288
"쉬폰블라우스",10271
"4인쇼파",10222
"슈퍼싱글침대",10193
"니트",10154
"레깅스",10148
"æ",10142
"트레이닝",10090
"통돌이세탁기",10084
"목걸이",10061
"바람막이",10058
ba,10038
"실크테라피에센스",10025
"마몽드",9936
"수납장",9881
"센스맘",9856
"립스틱",9780
"지나송",9767
"베라왕",9754
"보라카이",9739
"와일드망고다이어트",9739
"맥스클렌져",9734
"라텍스매트리스",9686
"등산복",9679
"리엔케이빛크림",9579
"룰루",9573
"유난희",9516
"핑거루트",9497
"하기스기저귀",9486
"돌잡이풀패키지",9483
"유난희쇼",9480
"참존",9478
"데상트",9470
"여성골프웨어",9469
"쿠첸압력밥솥",9466
"일본여행",9439
"여성가죽자켓",9387
"갤럭시",9373
"발뮤다",9370
"카시트",9366
20,9296
"맥",9294
"염색약",9289
"가디건",9272
"티비",9271
"투톤립바",9228
"섀도우",9204
"스팽스",9172
"아사이베리",9165
"º",9163
"바디쉐이퍼",9162
"홍이장군",9158
"동국제약마데카크림",9150
"케즈",9136
"스템셀",9113
"유아매트",9113
"트렌치코트",9113
"로얄베일",9105
"구두",9047
"헤라미스트쿠션",9024
"스피킹맥스",9016
"베개",9014
"갈치",9006
"14k쥬얼리세트",8997
"다이슨청소기",8988
"안마의자",8947
b6,8923
"달팽이크림",8909
"아메리칸투어리스트",8884
http,8863
"라텍스",8843
"조성아",8841
"헤라",8811
"산지애사과",8802
"까스따네뜨",8801
"브레라신발",8790
"여성운동화",8776
"정쇼",8760
"샘소나이트",8747
"숀리엑스바이크",8683
"옷걸이",8677
"케리어",8645
lite,8638
"조이너스",8590
"홍삼정",8572
"젤네일세트",8566
"키높이스니커즈",8542
"라쉬반",8528
"운동복",8527
"지갑",8523
"트라이엄프",8514
"컴퓨터",8484
"라네즈투톤립바",8451
"엘렌실라",8442
"네오플램",8384
"아메리칸투어리스터캐리어",8343
"속옷세트",8274
"침구청소기",8269
"오즈페토",8260
"스타킹",8242
"뱅뱅청바지",8239
"숀리",8239
"오제끄",8238
"제습기",8238
attend160328,8234
"온수매트",8224
"책상",8205
"리클라이너쇼파",8199
"꼬달리세럼",8188
"쿠론",8183
"한스킨",8175
"낫또",8156
"여성니트",8141
"동남아여행",8134
"케이스위스",8133
"메르비",8131
"에어포스",8119
"ㄱ",8115
"차홍",8070
"셀더마마스크팩",8042
"키높이슬립온",8035
"시슬리가방",8034
"오쇼핑",8030
"플루스크럽",7983
"아이오페기초세트",7956
"투톤",7952
"삼성액티브워시세탁기",7943
"피델리아",7929
"공기정화식물",7924
"견미리쿠션팩트",7905
"고구마",7905
"스타우브",7905
"시제이",7902
"맨투맨",7901
"운동기구",7887
"에어비타",7875
"키즈",7864
"비타민",7855
"선크림",7852
"남자",7788
"빛크림",7788
"슬랙스",7746
"해피콜양면팬",7717
"꿈비매트",7709
"ㅂ",7707
"닥터브로너스",7690
"치마레깅스",7681
"면도기",7669
"브라우스",7665
shoppongday,7629
"바비리스",7626
"세제",7622
"원더레그",7622
"에트로가방",7593
"오브엠",7581
"blog.hsmoa.com",7578
"여행가방세트",7571
"항공점퍼",7567
"진공냄비세트",7561
"여성샌들",7524
"쿠쿠정수기",7520
"자전거",7489
"시계",7482
"마스카라",7478
"블랙야크",7478
"여성크로스백",7475
"코렐10인",7456
"스타일러",7453
"셔츠",7451
"퀸침대",7436
"아임홈쇼핑",7426
"컬러래스팅",7420
"한샘키친",7414
"마데카",7399
"도마",7374
"남자속옷",7361
"여성시계",7329
"크록스",7294
"아메리칸어패럴",7287
"압력밥솥",7283
"마스크",7265
"까레라진",7231
"전집",7216
"젤네일",7205
nasv,7191
"가누다",7177
"세제혁명",7169
"바이알러",7162
"에어매트리스",7137
"똔따렐리",7136
"여행상품",7100
"나트라케어",7078
"그리핑크스",7071
m10,7069
"대저토마토",7064
d,7050
"고등어",7047
"서유럽여행",7035
"베스트",7021
"남성의류",7011
"노스페이스",6992
"참존화장품",6991
"냉장고정리용기",6987
"보험",6971
"샘소나이트캐리어",6951
"그램",6947
"세타필",6940
"쇼퍼백",6926
"쿠첸",6905
"스케쳐스",6904
"블라인드",6879
"여성단화",6873
"정윤정쇼",6864
"크림",6838
"아이오페에어쿠션rx",6798
"가죽자켓",6781
"미싱",6762
"봄자켓",6757
"닥터포헤어",6754
"엘지노트북",6752
"블루스카이",6751
"우엉차",6727
"18k목걸이",6721
"시세이도",6709
"아이스크림홈런",6708
"디오스냉장고",6704
"여성원피스",6693
"토리버치",6693
aa,6692
"â",6684
"푸마속옷",6678
"모르간",6667
"리안",6661
"골프",6657
"전복",6655
"김무열굿잠베개",6643
"덴비헤리티지",6636
"아디다스속옷",6608
t,6583
"웨건",6565
8e,6557
"네셔널지오그래픽",6552
"정장",6551
"리복",6549
"센텔리안24",6531
9f,6520
"테팔후라이팬",6517
"바디프랜드",6515
"폴리젠샴푸",6508
"갤럭시노트5",6483
"프뢰벨",6480
"라이크라",6477
"남성화장품",6462
"스테이크",6458
"고구마말랭이",6457
"메쎄",6447
"프롬에스티",6440
"프뢰벨영아다중",6435
"금강제화",6421
"네일",6416
"다리미",6405
"하유미팩",6398
"휠라속옷",6357
"삼성청소기",6354
"식스패드",6336
"오덴세",6316
"토퍼세트",6298
"풋사과다이어트",6262
"점퍼",6251
"홈쇼핑",6248
"기초화장품",6243
"ahc아이크림",6241
"코치가방",6230
"약콩두유",6212
"오쿠중탕기",6212
"여성반팔티",6210
18k,6203
"호비",6186
"황성주두유",6184
"여성셔츠",6172
"휘슬러",6161
"봄",6159
"드롱기",6148
skt,6140
"트레킹화",6140
25ec,6137
"å",6130
"범퍼침대특대형",6114
"ahc마스크팩",6094
"책장",6070
"정수기렌탈",6067
"갤럭시탭s2",6059
"바로tv",6057
"클렌징",6053
"암막커텐",6051
"속눈썹",6047
"드럼세탁기",6034
"샤롯데",6023
"세컨스킨",6020
"종가집김치",6017
"시슬리",6016
"아이나비블랙박스",6016
"콜핑",5987
"여성점퍼",5969
"플랫슈즈",5963
bb,5954
"놀이매트",5951
"아너스무선물걸레청소기",5949
"안나수이",5943
"캐리어세트",5941
"남자팬티",5938
"여성등산복",5933
"숄더백",5906
"손정완",5904
"란쥬쉐이퍼",5891
"금성침대",5881
"야상점퍼",5880
"프로스펙스운동화",5870
"동국제약",5869
"모링가",5843
"전동드릴",5842
"안마기",5831
"견미리파운데이션",5830
"아웃도어",5825
"신영와코루",5823
"쌀",5823
"실리쿡",5807
"티",5807
"홍진경더김치",5794
"코타키나발루",5792
"ㅎ",5776
"5단서랍장",5774
"남자청바지",5773
"3m막대걸레",5761
"여성가디건",5756
"반팔티",5753
"누페이스",5751
"반트365",5747
"남성신발",5734
"프로스펙스",5716
"물걸레",5705
"란제리",5699
"식기세트",5685
"오트리",5685
"웨지힐",5673
ts,5657
"퍼스트씨",5656
"돌잡이",5650
a,5645
"전기밥솥",5645
"황성주생식",5635
"ã",5628
"구기자",5625
"에트로",5604
"엑슬림",5600
"로즈몽",5580
"자동물걸레",5574
"스포츠브라",5562
"프라다",5562
"글라스락세트",5560
"플레이텍스",5559
"등산복세트",5554
"김치냉장고스탠드",5550
"피토메르",5547
"여성핸드백",5536
"송지오",5534
"아임쇼핑",5529
"골프바지",5525
"3인용쇼파",5522
"필립스",5520
"반지갑",5507
"토마토",5492
"팬티",5482
"여성항공점퍼",5472
"향수",5464
"세척사과",5458
"압박스타킹",5455
"런닝화",5450
"트롬스타일러",5450
"네파",5449
"알집",5448
"싱글침대",5446
"보조배터리",5439
"홈엔쇼핑",5437
"폼클렌징",5429
"조성아22바운스업팩트",5419
"여성슈즈",5404
14k,5403
"네오",5401
"리제떼",5400
"랑콤",5399
"ㅁ",5386
"블루에어",5378
"남성트레이닝복",5368
"삼성노트북5",5365
"아",5365
"실크테라피헤어에센스",5364
"휠라",5361
"가구",5352
"휴롬셀럽",5352
"요거베리",5349
"키높이",5344
"프라다가방",5342
"핏플랍",5331
"스카프",5329
"테니스",5322
"요거트메이커",5312
"커피머신",5297
"맥앤로건",5295
"정관장화애락큐",5285
"뉴발란스",5277
"lg트롬스타일러",5276
"샤오미보조배터리",5274
"무코타",5272
"일본",5270
"ó",5263
"14k목걸이",5251
"에이스침대",5251
"꼼데가르송",5250
"만두",5246
"여성팬티",5245
"닭가슴살",5236
"인기",5236
"에센스",5234
"제이에스티나",5223
"크림하우스매트1",5218
"의자",5215
"닭발",5210
"로봇청소기",5205
"애플비85종",5205
"토리버치가방",5203
"ㅋ",5193
"여성바람막이",5185
"갤럭시탭",5184
"트렉수트",5179
"3종",5175
"핫도그",5166
"컴포트화",5145
25eb,5140
"에스쁘아",5135
"츄리닝",5125
"팔찌",5117
"깨끗한나라",5114
"여성언더웨어",5106
"세부",5101
"짐보리",5098
"오메기떡",5091
"망고",5089
"베이비젠요요",5089
"탈모샴푸",5082
"lg노트북",5073
"페도라유모차",5071
"ç",5049
"실리쿡납작이",5043
"디지털피아노",5039
"팸퍼스",5038
"진공청소기",5036
"여성아웃도어",5032
"아일랜드식탁",5031
"저안트레이",5030
"lg세탁기",5021
"반지",5013
"싱크대",5009
"이연복칠리새우",5009
"닉스",4997
"잉글레시나",4991
"블랙마틴싯봉",4982
"옷장",4980
"코나드",4961
"페도라",4953
"서피스프로",4935
"더페이스샵카카오",4932
"에스티로더",4927
"해피콜믹서기",4923
"여성정장",4922
"나무하나",4910
"욕실",4908
"케리어가방",4903
"생방송",4883
"닥터코스",4876
"신데렐라마스카라",4871
"뱅뱅바지",4868
"승마운동기구",4864
"닉스청바지",4853
"닌자블랜더",4844
"장농",4841
"모자",4829
"슬라이딩붙박이장",4828
"프로바이오틱스",4827
"필립스에어프라이어",4810
"가습기",4806
"오메가3",4806
"족욕기",4803
"르까프",4801
"ㅈ",4799
"양가죽자켓",4798
"침대커버",4797
pic,4793
"워킹화",4790
"볶은아마씨",4785
"밀폐용기",4782
"비비엔다범퍼침대",4780
"아너스물걸레",4774
"귀걸이",4768
"까사마루행거",4764
"단화",4763
"르쿠르제",4759
"언더웨어",4754
"마몽드기초세트",4746
"킥보드",4743
"핑크퐁",4739
"루테인",4729
"요가복",4729
"리클라이너",4726
"ㄷ",4722
"반팔",4721
"한샘싱크대",4716
"아식스운동화",4697
"벤시몽",4691
"전기압력밥솥",4690
"물티슈",4682
"전자렌지",4669
"라코스테",4668
"여성지갑",4668
"바디피트",4661
"싹쓸이만능청소기",4657
"세노비스",4651
"디스커버리",4647
"프라이팬",4646
"샤넬",4643
"아디다스반바지",4635
"공기청정기렌탈",4619
"떡",4610
"ì",4607
"노트5",4604
"인덕션",4595
"탱글티저",4587
"스탠스미스",4576
"스피드랙",4560
"하지원젤리팩",4551
"쿠쿠6인용",4542
"남성아웃도어",4530
"ㄴ",4526
"로즈버드비비안",4515
"후라이팬세트",4508
"빅사이즈",4507
"카메라",4500
"에코라믹",4499
"차홍헤어팩",4497
"î",4482
"하우동천",4481
"lg냉장고",4469
"데싱디바",4459
"헤어에센스",4446
"안나수이선글라스",4431
"패밀리침대",4410
"돈까스",4409
100d,4400
"오키나와",4400
"탕수육",4388
"스커트",4382
"일렉트로룩스무선청소기",4374
"버버리",4368
"자몽",4364
"18k팔찌",4344
"박홍근",4339
"아사이베리파우더",4326
"루이비통",4315
"스팀청소기",4310
"씽크대",4310
"암보험",4304
"스킨로션",4303
"여자바지",4299
"1단계",4292
"아가타",4292
"오모떼",4290
"쥬얼리",4267
"푸마여성속옷",4266
"사이오스",4265
"아식스",4263
"란쥬",4260
"남자바지",4254
"더바디샵",4253
"코치",4248
"삼성tv",4244
"키플링",4243
"순수염색약",4242
"à",4237
"스팀큐",4233
"디키즈",4223
"삼성액티브워시",4219
"여자속옷세트",4217
"엘지에어컨",4208
"과일",4201
"한샘쇼파",4198
"보정브라",4182
"세이펜",4179
"멀티쿠션",4176
"헬로키티화장지",4174
"코렐세트",4172
"lg그램15",4168
"4인식탁",4165
"남성화",4156
"셀럽바이재클린",4154
"비너스",4145
"테팔무선청소기",4142
"보루네오침대",4141
"아메리칸",4141
"전기레인지",4141
"울트라",4136
"하루건강견과",4136
"메트로시티가방",4132
"렌탈",4130
"스칸디아",4125
"검색하기",4120
"한눈에",4120
"아이더",4114
comments160325,4110
"정준하스테이크",4101
"올리브팬",4095
"여성조끼",4092
"농수산홈쇼핑",4086
"썬",4083
"화분",4081
"배연정소머리곰탕",4076
"14k귀걸이",4064
"여성정장바지",4064
"퓨마",4058
"라네즈투톤립스틱",4055
"에센스커버팩트",4053
"목걸이세트",4042
"마담엘레강스",4041
"저스트마이사이즈",4039
"자연관찰",4037
"진공포장기",4030
g,4029
"리더스",4023
"엘시스",4018
"필라속옷",4017
"최유라쇼",4007
"why시리즈",4005
"가스렌지",4003
"실리트",4001
"더",3990
"에넥스쇼파",3987
"무선물걸레청소기",3983
"훈제오리",3978
"해피콜블렌더",3977
"루시올레",3974
"기초",3967
"쏘울",3965
"토트백",3959
"슈콤마보니",3957
"나이키에어맥스",3955
"한샘리클라이너",3954
"러그",3951
"아이스망고",3951
"어보2",3949
"중국여행",3946
"고메넛츠",3940
"수트",3938
"여자신발",3937
"쿠션팩트",3937
"주방용품",3933
"엘크릿헤나타투아이브로우",3932
"라이크라속옷",3928
"수분크림",3927
"에반",3921
"매직",3920
25ed,3918
"티스",3913
"유아",3911
"제주도여행",3906
"꾸즈",3904
"샌들",3904
"조르쥬레쉬",3903
"에버콜라겐",3902
"화이트",3902
"에뛰드",3885
"도깨비방망이v9800",3880
"리안솔로",3878
"남성츄리닝",3869
"k쇼핑",3864
"여성정장세트",3861
"면카페트",3856
"브러쉬",3856
"설화수",3855
"아키속옷",3851
"스텐냄비",3846
r,3845
"폴더매트",3845
"매직팬티",3843
"슬리퍼",3839
2016,3838
"까사마루",3832
"한경희",3818
"앰플",3816
"수납",3809
"메이뉴욕",3804
"드페이블랙",3799
"이불토퍼세트",3795
"리안스핀",3794
"밴딩팬츠",3787
"휴롬원액기",3786
"톡스앤필",3783
"반찬통",3778
"헹켈",3777
"스위스밀리터리전동공구",3775
"아리따움틴트",3775
"장가계",3773
"이니스프리",3764
"동양매직정수기",3762
"여름",3761
"마띠에르",3758
"스케쳐스운동화",3749
"ë",3742
"댕기머리샴푸",3741
"레녹스",3739
"부라더미싱",3739
"나이키허라취",3738
"생선",3737
"에버라스트",3730
"반트",3725
"등산바지",3719
"아너스듀얼물걸레청소기",3717
"로얄스튜어트",3715
"여성운동복",3709
"뮤제네프",3707
"여자",3700
"래쉬가드",3689
"바이엘라",3683
"아기매트",3682
"닥터슈퍼칸",3681
"반건조오징어",3676
"슈에무라",3674
"무드매쳐",3672
"운전자보험",3670
"엘지티비",3668
"르꼬끄",3654
"리앤케이",3653
"아기띠",3652
"동유럽여행",3651
"코스모",3651
"남성와이셔츠",3649
"홈세트",3647
"브라더미싱",3642
"천재교육",3638
"ㅍ",3637
"브리엘",3632
"티볼리수납장",3632
"샤밀리앙",3626
"석고마스크팩",3623
"안네마리보린",3622
"아마씨드",3620
"스테프핫도그",3617
"조던",3605
"한스킨젤파운데이션",3605
"보정속옷세트",3604
"스웨덴에그팩",3602
"신생아",3602
"라코스테신발",3594
"여자속옷",3592
"바디필로우",3591
"나이키모자",3585
"롱베스트",3580
"오징어",3579
"후드티",3579
"올인원",3575
"렉켄",3573
"티에스샴푸",3567
"딤채김치냉장고",3565
"남성스니커즈",3564
"실내자전거",3564
"고려은단",3563
"이",3562
"오리",3556
"유럽",3554
led,3543
"남성셔츠",3541
"정준하육개장",3533
"보테가베네타",3532
"사이판",3531
"플루",3531
k2,3529
"ù",3527
"엔에스홈쇼핑",3520
"스텐냄비세트",3517
"오븐",3515
"쿠쿠ih",3510
"다우니",3507
"장기렌트카",3505
"죽제조기",3493
92,3491
"클래식",3489
"ºå",3486
"클러치백",3486
"이자녹스셀레니엄",3483
"베트남여행",3480
"피부유산균",3479
"미라컬",3477
"캠핑용품",3476
"여성키높이운동화",3474
"크리스한",3474
"여름이불",3471
"맥립스틱",3470
"남성운동화",3469
"아이나비",3463
"로얄벤톤",3461
"여성야상자켓",3461
"섬유유연제",3456
"주원산오리",3446
"와일드망고",3444
"남성시계",3442
"파크론",3441
"삼육두유",3440
"14k팔찌",3438
k,3438
3m,3436
"미러리스",3435
"스킨",3435
"가죽소파",3434
"대만여행",3433
"킹침대",3425
"홍키통키",3425
"글뿌리",3423
"에어",3423
"루이비통가방",3416
"ㄹ",3409
"끌레드벨",3407
"케네스콜",3403
"하림",3403
"옷",3400
"여성청결제",3394
s,3386
87,3381
"시즌5",3372
"프로폴리스",3372
"버팔로",3365
"리더스링클",3364
"캐스키드슨",3363
"아토케어",3348
"결팩트",3347
"블랜더",3328
"아디다스키즈",3328
"올리비아로렌",3324
"화애락큐",3324
"펌프스",3323
"스프레드",3319
"신사화",3318
"브레라가방",3315
"질스튜어트",3314
"패키지여행",3312
"몰펀",3308
"남성청바지",3303
"가포",3299
"양배추즙",3295
"정관장에브리타임",3291
"납작이",3288
"나이키반바지",3281
"큐티폴",3281
"컬러래스팅틴트",3280
crp,3277
kt,3277
q9500,3273
"건조대",3272
brtc,3265
"롯데홈쇼핑바로tv",3260
"닥스가방",3259
"보니알렉스",3257
"선식",3256
"풍년압력솥",3256
"에스까다",3250
"와코루",3245
"미샤",3243
"썬젤",3241
"헤어",3239
"남성트레이닝복세트",3237
"노르웨이고등어",3233
"주방선반",3231
"세실엔느",3229
"오니츠카타이거",3227
"삼성uhd",3225
"카카오프렌즈",3219
"비스프리",3217
"내셔널지오그래픽캐리어세트",3216
"클리오",3211
"제주도",3209
"서유럽",3208
"리리코스기초",3204
"가방세트",3201
"더블싹싹",3201
"팔레트",3201
"리모델링",3200
"수건",3200
"스위스밀리터리",3200
"아이오페에어쿠션",3196
"나이키테아",3192
"다니엘웰링턴",3185
"라이더자켓",3185
"무선",3181
"압력솥",3181
"창신리빙",3175
"atti.k",3172
"밀레",3169
"심리스",3166
"원더코어",3164
"노비타비데",3156
"스누피",3156
"마레몬떼",3153
"베게",3149
"세탁세제",3144
"천재교육밀크티",3143
"아동",3136
"옥스포드리딩트리",3135
"리리코스콜라겐쿠션",3134
"에피큐리언",3130
"헬스자전거",3130
"데님팬츠",3129
"봄이불",3121
"발마사지기",3112
"차홍뽕고데기",3109
"매트리스커버",3106
"이금희피부밥",3100
"ahc순면마스크팩",3099
"원터치텐트",3096
"카드지갑",3096
"리차드차이",3091
"보루네오",3091
"바이크",3090
"리벤스빨래건조대",3088
2750,3083
"àì",3081
"퍼펙트스킨",3081
"포토메리온",3081
"와이드",3078
"셀마도마",3077
"공기압마사지",3073
"와이책",3072
"루이까또즈",3071
"오일",3070
"에몬스침대",3067
"요매트",3067
"헹거",3065
"롱원피스",3062
"엣지",3062
"다낭",3060
"쿠쿠밥솥",3060
"프리미엄",3056
"에드워드권",3053
"프리미엄ts샴푸",3053
"버버리가방",3041
"심리스브라",3040
"소니a5100",3038
"에어콘",3037
"바디스크럽",3033
"아디다스슈퍼스타",3033
"더원카매트",3032
"세인트스코트",3028
"칫솔살균기",3028
"3세대",3027
"마시는악마다이어트",3020
"핸드블랜더",3014
"폴리코사놀",3009
"호박고구마",3005
"구찌시계",3003
"사이오스염색약",3000
"클렌저",3000
"에이지",2999
"정준하",2997
"퍼실센서티브",2994
"명품",2989
"식스패드렌탈",2985
"순수트리트먼트",2982
"조끼",2980
"해피콜냄비",2980
"널리팝믹서기",2979
"브러쉬고데기",2976
"엘지냉장고",2974
"6인용쇼파",2972
"골든구스운동화",2972
"스포츠고글",2970
eos,2968
"ä",2966
"클렌징오일",2964
"티타늄",2964
"홍진경",2963
"퍼실캡스",2962
"보쉬",2961
"보정",2960
"스타픽스",2956
"식물",2954
"아메리카투어리스트",2952
"푸켓",2951
"한일믹서기",2951
"전기그릴",2944
"남성트렁크",2941
"갤럭시s6",2934
"롱가디건",2932
"배게",2926
"빌레로이앤보흐",2925
"연두비",2923
"비커즈",2922
q,2921
"굴비",2917
"댕기머리",2917
m3,2916
"골프화",2913
65,2912
"여성슬랙스",2912
"갈바닉",2910
"메트리스",2909
"이경제녹용",2906
"엘크릿",2904
"치아보험",2903
"여",2901
"루이까또즈지갑",2897
"돌체구스토",2892
"오휘",2892
"메트로시티",2890
"쿠쿠풀스텐",2883
"험멜",2882
"여성옷",2876
"로얄알버트",2875
"여성보정속옷",2867
"피아노",2867
"주방수납장",2865
"퓨마여성속옷",2863
"세럼",2861
"아이패스",2856
"18k쥬얼리세트",2846
"가스레인지",2846
"남성점퍼",2840
"장가계여행",2839
"여름원피스",2836
"보스웰리아",2833
"요실금치료기",2833
"여성쟈켓",2831
"단열벽지",2828
"캠핑",2826
"미라클리닉",2825
"키플링백팩",2825
"비비엔다특대형",2820
"안나수이속옷",2818
"오클리",2816
"파인애플식초",2813
"메르비초음파",2809
"오사카여행",2805
"엘지",2804
"여성베스트",2801
"블루투스이어폰",2796
"모로칸오일",2795
"머스트비",2792
"도어락",2789
"전동공구세트",2789
"뱅뱅남성",2788
"덴마크유산균",2784
"휴스톰",2780
"삼성티비",2779
"피지오겔크림",2777
"황사마스크",2775
"다니엘크레뮤",2773
"매직스노우쿠션",2773
"송지오티셔츠",2773
"헤어드라이기",2767
"수저세트",2763
"모르비도",2757
"큐티폴고아",2756
"휴대용유모차",2754
"장지갑",2753
"컨버스",2748
"레이캅침구청소기",2747
"주얼리",2746
"디너세트",2745
"자이글심플",2743
"트릴로지",2738
"b쇼핑",2735
"노부영",2734
"여행캐리어",2732
"코웨이정수기",2732
"한국도자기",2732
160408,2731
"삼성지펠t9000",2731
"아기용품",2731
"치아씨드",2730
"바자르",2729
"빈폴",2729
gt280,2728
"블랙",2727
"세븐라이너",2727
"전기렌지",2726
"마사지",2722
"리프팅",2720
"한삼인",2719
"세서미스트리트",2718
"한스데코",2716
"알집매트1",2705
"연어",2705
"포나리나",2705
"등산배낭",2700
"패키지",2699
"빅마마",2697
"치약",2690
"면바지",2688
"ㅌ",2687
"홍콩여행",2681
"여성남방",2676
"전자레인지",2675
"관절팔팔",2671
"침대커버세트",2671
"스텐락",2667
"아이러브눈마사지기",2667
"수납박스",2661
"제이원",2660
"리바트키친",2659
"기저귀가방",2658
"코이",2657
"휘슬러냄비",2657
rigga,2655
"네비게이션",2655
"패드",2655
"한샘주방",2654
"라네즈투톤",2652
"식기",2650
"매직스페이스",2647
"티볼리",2647
"브라운체온계",2644
"아키",2643
"청소",2643
"스",2641
"쌤소나이트",2640
"토니모리",2637
"노스페이스키즈",2634
"네일세트",2631
"영양왕",2630
"컬러",2630
"테이블",2630
"ö",2629
"반스",2628
"제모기",2625
"장형철",2623
"미니멜리사",2622
"여행용가방",2621
"여성봄자켓",2618
"포니",2617
"나또",2613
"침대프레임",2612
"캐논eos",2610
"레인부츠",2607
"아기침대",2601
"후드집업",2600
"순수",2595
"김태희파운데이션",2593
"입생로랑립스틱",2591
"보노스프",2588
"블라우스세트",2588
"까사미아",2584
"앤블리",2584
"거실테이블",2581
"여성와이드팬츠",2581
"데상트운동화",2573
age20,2572
"봄코트",2567
"파크론매트",2566
"lg에어컨",2565
"정쑈",2565
why,2564
"리얼",2564
"산지애",2562
"해피콜초고속블랜더",2562
"코코넛",2560
"기미크림",2557
"액체세제",2557
"여성츄리닝",2556
"봄야상",2549
"오사카",2545
"쌤소나이트캐리어",2540
"모노아이즈",2533
"버켄스탁",2532
"브리엘가방",2530
"코웨이",2530
365mc,2529
"나탈리쉐즈",2524
"시몬스침대",2524
"석고팩",2522
"오르다",2522
"옷걸이행거",2520
"시",2519
"겐조",2518
"다시팩",2515
"피부관리기",2515
"디자인스킨",2513
"퍼팩트스킨파운데이션",2511
25b8,2510
"메디힐마스크팩",2509
"건강식품",2507
"본죽장조림",2507
"장식장",2507
"천연라텍스",2504
"미니백",2498
"드레스룸",2497
"미용기기",2493
"비타민세럼",2492
"킨즈웨건",2488
"남성팬츠",2484
"피카소브러쉬",2484
"한장빨래",2482
"콜라겐",2479
"폼블록",2477
"고현정",2476
"접시",2476
"무코타트리트먼트",2472
"메모리폼",2471
"아동운동화",2468
"정장바지",2466
"한율기초세트",2465
"화분세트",2464
"맥틴트",2463
"맥스",2462
"þ",2461
"태블릿",2460
"판도라다이어트",2459
"에",2458
"호텔침구",2455
"챔피온",2453
"양말",2452
"풀커버리지",2452
"네스프레소",2451
"김소형곡물클렌져",2450
"건식족욕기",2447
"한줌의보너츠",2445
"해피콜냄비세트",2439
"여자구두",2437
"다이슨v6",2433
"아기",2429
"밀크티",2424
2584,2423
"치마",2416
"밀싹",2413
sk2,2410
"요거베리요거트메이커",2409
gs,2406
"가죽",2405
"la갈비",2401
"아이오페기초",2400
"네버랜드",2399
"썬킬",2399
"수영복",2398
"노와이어브라",2397
"벽걸이에어컨",2396
"푸마드로즈",2386
"히미코",2384
"아이넥스",2380
"미로클린팟",2375
"스툴",2373
"조셉조셉",2372
"마",2371
"최미나향수",2370
"밀싹클렌즈",2369
"셀럽",2369
"김활란뮤제네프",2367
"롱티셔츠",2366
"이자녹스기초",2364
"에어맥스",2362
"블루레빗전집",2360
"필라",2359
25b0,2358
cj,2358
"새치염색",2357
"피그먼트",2355
"딤채",2354
"칼세트",2352
"플로날",2350
"부츠",2348
"인테리어",2348
"반값장터",2346
"오젠",2344
"정리함",2341
"디아도라",2340
"여성봄코트",2338
"낮잠이불",2335
"키친아트",2330
"경동나비엔온수매트",2329
"모노더마",2324
"ø",2322
"보솜이기저귀",2316
"장어",2313
"한경희스팀다리미",2307
"á",2306
"주방놀이",2302
"푸시앤건",2302
"비비고",2299
"메이페어",2298
"코튼클럽",2298
"삼성핸드폰",2295
"베라왕커튼",2294
"입생로랑틴트",2294
"구찌선글라스",2293
"im홈쇼핑",2292
"논슬립옷걸이",2292
"마데카소사이드",2292
"맥끌라니",2291
"클라리소닉",2291
"갈비",2290
"아미니",2289
"암막커튼세트",2289
"티셔츠세트",2288
"협탁",2286
"4종",2285
"돈따렐리",2285
"요이불세트",2280
"로라애슐리",2279
"이불패드",2279
"gs샵",2278
"태블릿pc",2278
"선",2274
"코데즈컴바인속옷",2273
"피지오겔ai",2272
"아틀리에",2269
"여에스더",2269
"유아도서",2268
25ac,2267
metal,2267
"남자티셔츠",2267
"렌지대",2267
"육포",2267
"거실카페트",2266
"전기매트",2265
"푸마치마레깅스",2265
"까레라",2262
"통바지",2260
"배쏙티",2259
"리파",2258
"립",2257
"바디로션",2256
"칼",2256
"아웃도어세트",2252
"선그라스",2251
"거실장세트",2250
"보쉬전동드릴",2249
"재봉틀",2248
"갤럭시s7",2247
"양파즙",2242
"드릴",2240
"엑스바이크",2239
"스와로브스키",2238
"패딩",2237
"남성지갑",2236
"ð",2235
"쓰레기통",2234
"바바리",2233
"러브캣",2231
"엘지세탁기",2231
"베라왕언더웨어",2229
"자동차용품",2229
"고글",2227
"킹크랩",2227
"포트메리온4인조",2220
"여성부츠",2218
"여행용케리어",2217
"트랙슈트",2217
"함소아",2217
"반에이크",2216
"스타우브세트",2216
"기초세트",2215
"슈맹블랑",2212
vdl,2210
"다리미판",2210
25a4,2209
"에넥스",2209
z,2207
"스텐밀폐용기",2207
"젠틀몬스터",2207
"가포스트레칭매트",2204
"꿀",2204
"남자화장품",2204
"스카치브라이트",2203
"차렵",2197
"데스크탑",2196
"양복",2196
"보솜이디오가닉",2191
"고현정코이크림",2190
"락포트",2190
"에넥스붙박이장",2189
"쥐포",2189
"갤럭시노트4",2182
"손목시계",2180
"잭필드",2178
"스포츠브라세트",2177
"오이보스",2176
"녹용",2175
"한샘욕실",2174
"두루마리휴지",2170
"백종원",2170
"버넬",2169
"블루베리",2169
"ㅊ",2167
"문정아중국어",2167
"송지오바지",2159
258a,2158
"장롱",2158
"여성패딩",2156
"코트밴티지",2156
"지나송커튼",2153
"범퍼품",2151
"갤럭시a7",2149
"하림닭발",2149
fila,2147
"ºæ",2147
"북박이장",2146
"미패드2",2144
"보석",2143
"얼굴마사지기",2143
"비비마스크",2140
"전복장",2140
"골프채",2139
"식탁의자",2139
"라푸마",2138
"스텐",2138
"학생의자",2138
25b4,2137
"가죽가방",2137
"옷정리함",2137
"에디티드",2136
"홍콩",2133
"썸덱스캐리어",2126
"얼음정수기",2126
"터치톡",2125
new,2124
"싱가폴여행",2124
"이브자리",2124
"어깨안마기",2121
iope,2117
"아이패드",2116
"랜드로바",2115
age20s,2114
"알뜰폰",2113
"전동칫솔",2112
"쌀눈",2110
"우르오스",2108
"벽시계",2106
"선풍기",2105
"셀피",2105
"마사지기",2104
"위스퍼",2104
"달맞이꽃",2103
"대림바스",2103
"여성티",2100
"정리",2100
"커버",2099
"베트남",2098
"블",2096
"비오템",2095
"박홍근이불세트",2094
"티트리오일",2094
"염색",2093
"식품",2092
"손앤박",2090
"진주목걸이",2088
"샐마도마",2087
"주방",2087
"마그네틱파운데이션",2086
e,2085
"코이크림",2085
"액티브워시",2084
"채칼",2084
"청자켓",2084
"신일믹서기",2083
"자동차",2081
"전기면도기",2081
"아기책",2080
"원더브라세트",2080
"에어룸",2078
"아이섀도우",2077
"범퍼",2076
"쿠첸10인용",2075
"롱",2072
"디데무",2070
"양면팬",2070
"전기장판",2067
"휠라여성속옷",2067
"와이셔츠",2066
"패브릭",2066
"엑스",2065
"뽕고데기",2064
"오토싱",2063
"디오스",2060
"코렐그릇",2060
"리바트",2058
"마이클코어스",2058
"헬로키티",2058
"해외",2057
"루나",2054
"신발정리대",2053
"더블웨어",2052
"트롬",2051
"에띠케이",2047
"부산출발해외여행",2045
"정샘물",2045
"ï",2043
"갤럭시기어s2",2043
"헤어뽕",2043
"이자녹스셀퍼펙션",2042
"커트러리",2041
"영아다중",2039
sk,2038
"오토비스무선",2037
"씽크대선반",2036
"차앤박마데카소사이드",2036
"헤어팩",2036
w,2034
"덴비임페리얼블루",2034
"삼성블루스카이",2032
"ahc썬스틱",2031
"엔블리",2029
"인테리어소품",2028
"트렌치",2028
"슈멜츠",2024
"금고",2022
"디올",2017
"양념통",2014
"파우치",2014
"접시세트",2010
"다이슨dc62",2009
"트리트먼트",2009
kswiss,2007
"빈폴가방",2007
"õ",2005
fitbit,2003
"레페토",2001
"영양제",2000
"핀에스커",1999
"컴퓨터책상",1998
"트렉스타",1995
"남성운동복",1994
"비욘드클로젯",1994
"스팀보이온수매트",1993
"커피메이커",1992
"비비고만두",1991
"카시오",1991
"판도라",1991
"테프",1989
"조성아22",1984
"케이스",1983
4,1979
"미니크로스백",1979
"퍼실라벤더",1977
ort,1975
"맛밤",1975
"수려한세트",1975
"얼진",1972
"정옥고",1972
"주얼리세트",1971
"오",1970
"마이크로",1967
"카라블라우스",1966
"질리오띠",1964
"르크루제",1961
"덴티스테치약",1959
"하림치킨세트",1959
"홈보이",1958
"핑크",1956
"롱자켓",1955
"송혜교",1955
"남자신발",1954
"블루",1953
"탐스",1953
"클라란스",1952
"불루래빗",1951
"블랙모어스",1951
"공기정화식물세트",1950
"삼진어묵",1950
"14k반지",1949
"고",1946
"로즈몽시계",1946
"명품백",1946
"북유럽여행",1945
"르퀼라야",1942
"에이에이치씨",1942
"위고웨건",1942
g3,1941
"구강세정기",1941
"남성코트",1941
"에이프릴스킨",1941
25a0,1940
"아이스크림",1940
259d,1939
"모달",1938
"센스맘매트리스",1938
"명품시계",1936
"트레스패스",1935
"리체나염색약",1933
"위닉스제습기",1932
"3m올터치",1928
"스와니코코",1925
"래스팅",1923
"가브리엘페코",1922
"썸덱스",1922
"베라왕속옷세트",1921
"오모떼란쥬",1921
"남성골프웨어",1918
"선젤",1918
"쉐이퍼",1918
"풍년",1918
"리더스화장품",1917
"안나수이가방",1917
"제이코닉",1917
"마퀴베리",1915
"영어",1914
"지니킴",1914
"바",1912
"아이라이너",1912
"티볼리서랍장",1912
"녹즙기",1911
"스마트오쿠",1911
"터닝메카드스핑크스",1910
"로우알파인",1909
"키친",1909
"세라마이딘",1907
"센텔리안",1907
"커피",1906
"트리플",1906
"보온병",1905
"시크릿에이지",1905
"큐슈",1905
"훈제연어",1905
"런닝머신",1904
"이지텐",1903
"악세사리",1901
"발레리",1900
"나이키테니스클래식",1899
"브라세트",1899
"보정팬티",1898
"뱃살쏙쏙",1897
"저상형침대",1894
"핏빗",1894
"아동복",1891
"차홍헤어캡",1891
"푸마키즈",1889
"샤트렌",1885
"스칸맘",1884
"동유럽",1883
"라이크라에스뷰티",1881
"쉬폰원피스",1881
"썬그라스",1881
"주니어",1881
"휘트니스",1880
"아몬드",1879
25ea,1877
"고유에",1876
"몽크로스",1875
"벽지",1874
"로보",1873
"쏠리에",1872
"수페르가2750",1870
"2세대",1869
"잔디로",1867
"미라클톡스",1866
"진",1863
"간식",1862
"메신저백",1862
"최화정",1862
"롯데홈",1861
"샐마",1860
"앨리스",1860
f,1858
"금",1858
"도깨비방망이v9000",1858
"다니엘에스떼",1857
"순금",1856
"카매트",1856
"무자크",1853
"아이챌린지2단계",1853
"클렌져",1853
"어린이",1852
"남성정장바지",1851
"의류",1848
"차량용품",1848
"ebs홈보이",1847
"일본여행패키지",1846
"미니",1845
"쇼미",1844
"청애뜰",1844
"리복운동화",1843
"인코코",1841
"아레나",1840
"퀸",1840
"스페인여행",1839
"테팔냄비",1839
"스포츠의류",1838
"18k세트",1837
"야상자켓",1836
"도깨비",1835
"모덴",1835
"이연복대가탕수육",1835
"스노우크랩",1831
"흙침대",1829
"수려한기초",1828
2,1827
"동서가구",1825
"왕자행거",1824
"덴비세트",1823
"양키캔들",1823
"갓김치",1822
"골드",1822
"요거트",1818
"리리코스쿠션",1815
"파크론놀이방매트",1815
"암막",1813
"요세트",1813
"남방",1811
"아이",1810
"일월온수매트",1810
"샤기카페트",1809
"타올",1809
j,1808
"남",1808
"뚝배기",1805
"디지털도어락",1804
"썬라이즈",1803
"어묵",1802
"파크랜드",1801
"그릴",1800
"벨레즈온",1800
"한경희스팀청소기",1800
"동부화재",1797
"아벤느",1795
"홈런",1795
"윌슨",1793
"스크래치",1791
"lg노트북그램",1789
"루이까또즈가방",1789
"에몬스",1789
"브래지어",1787
"쌍빠",1787
"하우쎈",1787
"직수형정수기",1786
"진공",1785
"í",1784
"정관장홍삼정",1783
"18k반지",1782
"레고",1781
"티블라우스",1781
"냉장고정리",1778
"대리석식탁",1778
"사파리",1777
"피토메르올리고포스",1777
"여성밴딩바지",1776
"여성화장품",1775
"캘빈클라인",1775
"아모레퍼시픽",1772
"책",1772
"hp노트북",1771
"리리코스앰플",1768
"알렉스돈가스",1767
"톰보이",1767
"래쉬가드세트",1766
"풍년냄비",1766
"트렁크",1764
"솔가",1762
"트리플플러스",1760
"잡곡",1759
"폴더폰",1758
"린넨",1757
"지방시",1756
"랍스타",1755
"다리마사지",1753
"드라이기",1753
"리큅식품건조기",1752
"베트남다낭",1752
"스토케",1752
"커튼세트",1752
"카무트",1751
"퍼실듀오캡스",1751
"힙시트",1750
"케어렉스",1749
25bc,1748
"임부복",1748
"바비리스오토볼륨",1747
"로보킹",1746
"메디힐",1745
"이오시카",1740
"에이지투웨니스시즌5",1739
"리",1738
"닭갈비",1737
"게스",1736
"sk텔레콤",1735
"úåíàú",1735
"구찌지갑",1735
"꿈비",1735
"여행용",1735
"한복선",1734
"구스다운",1733
"동파육",1733
"승마",1733
"쉬즈미스",1731
ih,1730
"면티",1730
"니트코트",1724
"제주",1723
"부산출발",1722
"토스트기",1722
"핸드폰케이스",1721
"미",1720
"오엠",1718
"베리떼쿠션",1717
"록시땅",1716
"소다",1714
"르바디",1712
"아망떼",1712
"바디",1709
"한일카페트",1709
"돌잡이수학",1708
"에스까다마스카라",1708
"밀로앤개비",1706
"바디워시",1706
"황성주",1706
"ê",1704
"모르간가방",1704
"봄옷",1704
"루이가또즈가방",1703
"롱스커트",1702
"숄벨벳",1700
"아토앤비",1700
"포",1700
"상조",1699
"여성워커",1698
"브",1697
"인피니티",1697
"잠케어",1697
"포트메리온세트",1697
"수납스툴",1694
"나이키트레이닝",1692
"세부여행",1691
"해피콜ih후라이팬",1691
"베리떼에어쿠션",1690
"낙지",1689
"폴스부띠끄",1689
"홍진경더다시팩",1689
"등산",1687
"냉온정수기",1686
"참존세트",1686
5,1685
"스팀보이",1685
"젖병소독기",1684
"브레라선글라스",1682
"승마운동기",1682
"젤",1682
"조이",1682
"폴메이저",1679
"슈퍼싱글침구",1678
"바비브라운",1677
"레이먼킴",1675
"보루네오소파",1675
"왕영은",1675
"크",1675
"걸레",1674
"에듀윌",1674
"대마씨앗",1672
"오르다자석블럭",1672
"소니",1671
"유산균이야기",1671
"축구화",1667
"견",1659
"순성카시트",1659
"조리도구",1659
"척테일러",1659
"부케가르니",1658
"브라탑",1658
"얼트루",1658
"헤리티지",1658
"와이어브라",1657
"캐논카메라",1656
"빌리프",1655
"활전복",1655
"린나이가스렌지",1654
"에코백",1654
"65인치tv",1652
"리모와",1651
2594,1650
"에그팩",1650
"락앤락오븐글라스",1649
"린찐누룽지탕",1648
"종합비타민",1647
"셀카봉",1646
"샤오미미밴드",1645
"헤지스",1645
"눈썹타투",1641
"로즈버드",1641
"반신욕기",1640
"바닐라비",1639
"코오롱스포츠",1638
"나인웨스트",1637
"남자구두",1635
"진동운동기",1635
"디즈니",1630
"여성백",1630
"타월",1630
"터닝메카드신제품",1630
"서랍",1628
"레이캅rs",1627
"샘키즈",1627
"곰탕",1626
"광파오븐",1626
"페인트",1626
"헤어빔",1624
"김나운",1623
"니모샤워기",1622
"바디피트생리대",1622
"여성숄더백",1622
"플러스",1622
"스팀",1621
"빅사이즈원피스",1620
"스톤",1620
"투웨니스",1619
"옥스포드",1618
"로디아스",1617
"페라가모",1617
"플로쥬",1617
wmf,1616
"커버플러스",1615
"라클라우드",1614
"홍이장군2단계",1611
"니트가디건",1607
"소가죽",1607
"아즈텍",1607
"여름티셔츠",1606
"아로니아원액",1605
"하",1605
"디지털카메라",1604
"비너스세트",1604
"샹티란제리",1604
"신강식",1604
"남성로퍼",1603
"도마세트",1603
"크로아티아",1602
"베네피트",1601
"레노버",1600
"눈마사지기",1599
"동양매직",1599
"상아백",1599
"돌침대",1598
"아이엠쇼핑",1598
"체중계",1598
"닌자",1597
"아니베에프",1595
2595,1593
"컴포트",1593
"휴스톰물걸레청소기",1593
"다이어트식품",1592
"3단서랍장",1591
"동남아",1590
"레트로",1590
"타이니러브",1588
"흑염소",1588
"조명",1586
"ààï",1584
"스키니",1580
"슬렉스",1580
"완도활전복",1580
"è",1579
"로션",1579
"닥스",1578
"엘렌실라마스크팩",1578
"ahc클렌징",1577
xp,1577
"아쿠아슈즈",1577
"브라운면도기",1576
"운동",1576
"잔티젠",1576
"소풍가방",1575
"비비",1574
"장조림",1574
"게이트맨",1569
"남성백팩",1569
"생식",1569
"핸드블렌더",1569
"건조기",1567
"신세계쇼핑",1567
"망치고데기",1566
"보디가드",1566
"숄",1566
"싹쓸이",1563
"킹",1563
"다",1560
"시원",1559
"요",1559
"전동킥보드",1557
"석류즙",1554
"휴롬3세대",1554
"동지현",1550
"가파치가방",1549
"골프모자",1549
"달맞이꽃종자유",1549
"네스프레소캡슐",1548
"전철우",1547
"커피잔세트",1547
"휘슬러압력솥",1546
"고현정빛크림",1545
"남성남방",1545
"앙드레김속옷",1545
"워커",1544
"성인용품",1543
"키티화장지",1542
"후드",1542
"그렉노먼",1539
"슬립",1539
"실버",1539
"페이스",1539
"로레알",1538
"화숙리",1537
"덴티스테",1536
"크라제핫도그",1535
"렌지메이트",1532
"극세사이불세트",1529
"음식물처리기",1529
"시즌4",1528
2588,1527
"베이비",1527
"퓨마속옷",1527
"필링",1527
"발렌시아가",1526
"식기세척기",1526
"아르마니",1526
"샤워기",1525
"스탠드",1525
"시공주니어",1525
"가파치",1524
"극세사",1524
"여성아우터",1524
"유돈초이",1524
"블루투스",1523
"여자가방",1523
"tv여행상품",1522
"사운드북",1522
"에고이스트",1522
"토이북",1522
"일본온천여행",1521
"양배추",1519
"골프의류",1518
"천혜향",1517
"코나드젤네일",1516
"장수돌침대",1515
"프리메라",1515
"신장경",1514
"인텐스",1513
"진주",1513
258c,1512
"내셔널지오그래픽캐리어",1510
"조이크롬",1510
"인덕션냄비",1509
24,1508
"갈비탕",1508
"가마솥",1506
"책상의자",1505
"파나소닉",1505
"베리떼엘리스",1504
"브라팬티",1504
"타미힐피거",1504
"마유크림",1503
"코코엘",1502
"폭립",1502
"볼빅",1501
"악어백",1501
"진공도깨비방망이",1499
2580,1498
"떡갈비",1498
dk,1497
"덴마크",1497
"디바이디데무",1497
"샌드위치메이커",1497
"립바",1496
"버팔로신발",1495
"에델코첸",1495
"박용우리셋다이어트",1493
"실비보험",1492
"휠라속옷세트",1492
"실리트실라간",1489
"다이치카시트",1488
"피델리아속옷세트",1488
"에스쁘아프로테일러ex",1487
"헌터",1486
"스카쟌",1485
"잠케어베개",1485
"반건조고구마",1484
"시슬리쇼퍼백",1484
"아디다스트레이닝",1484
"화이트닝",1484
"신발장",1483
dslr,1481
"석고코르셋마스크",1481
"여성롱티",1481
"커피잔",1481
"금목걸이",1480
"야구점퍼",1479
"세사리빙",1478
"여성봄점퍼",1478
"후",1477
"워싱스프레드",1476
"몽블랑",1475
"아토팜크림",1475
"풋사과에빠지다",1475
2598,1472
"제주도패키지",1472
"톰브라운",1472
"쿠셔니폼블럭",1471
"쉬폰",1468
pc,1466
"아메리칸투어",1466
"웨쌍",1466
"임산부",1466
"지오송지오",1466
"잠옷",1465
"파우더",1465
"퓨어스피루리나",1465
15,1464
"리홍",1462
"방송",1462
"기능성베개",1461
"넛츠",1461
"오늘방송",1461
"일반냉장고",1461
"칠리새우",1461
"나",1459
"르꼬끄운동화",1459
"앵글부츠",1459
"비룡소",1458
"티비다이",1458
"구스이불",1456
"빗고데기",1456
"에지리",1456
"잇츠스킨",1455
"비타민c",1454
"mcm가방",1452
"크리스찬",1452
"텀블러",1452
"엘지그램",1451
"아디다스키즈운동화",1450
"압축팩",1450
"클러치",1450
"이동식행거",1449
v,1447
"셀렙샵",1447
"닥터자르트세라마이딘",1443
"울트라포밍스프레이",1443
sj,1442
"스틱",1442
"원액기",1442
bush,1441
"ㅇᆞ",1441
"널리팝",1441
"신세계홈쇼핑",1440
"거들팬티",1439
"더바디샵화이트머스크",1439
"나시",1438
"하루메이비",1436
ho,1435
"트위드자켓",1435
"침대패드",1434
"곰돌이채칼",1433
"방수비데",1433
"벨벳",1431
"아이브로우",1431
"컨실러",1430
"천호식품",1427
"후부",1426
"락포트여성화",1425
"칼로커트",1425
"지펠",1424
"세",1423
"호비1단계",1422
"대게",1421
"탭",1419
"필립스믹서기",1418
"7견과후르츠",1417
"봄점퍼",1417
"페리페라",1417
"부츠컷",1415
259c,1413
"리프팅팩",1412
"구르뽕",1411
"비비크림",1411
"옥수수",1411
"라피덱스",1408
"생수",1408
"차세르",1408
"요가복세트",1407
t9000,1405
"경추베개",1405
"정관장아이패스",1405
"고기",1403
"플라스틱서랍장",1400
01,1396
"마데카세럼",1396
"조르지오",1396
"스텐반찬통",1395
"매",1394
"카카오섀도우",1394
"만능가마솥",1392
"이층침대",1391
"치마바지",1391
"코르테즈",1391
c,1390
"선일금고",1390
"블랙앤데커",1389
"입생로랑쿠션팩트",1389
"천연코튼",1388
"대만",1387
"황사",1387
"보닌",1386
"제니하우스",1386
"제니하우스파운데이션",1384
"공구",1383
"수면팩",1383
"조셉앤스테이시",1382
"닌자블렌더",1381
"대명라이프",1381
"이태리",1381
"한경희물걸레청소기",1379
"양가죽",1378
"면",1377
"한샘슬라이딩붙박이장",1377
"실내수영복",1376
"전신거울",1376
x,1375
"네오젠에이지큐어",1375
"어포스트로피",1375
"후라밍고",1375
"튼살크림",1374
"노트북9",1373
6,1372
"브라운",1371
"삼성커브드tv",1371
"코지마",1371
"신세계",1368
"트윈워시",1367
"지펠냉장고",1366
"블루레빗",1364
"샤오미체중계",1364
"셀커버",1364
"휠라노와이어",1363
"가누다골드라벨",1362
"팀벅2",1362
"플루바디스크럽",1361
"블라키",1360
"와이드그릴",1360
"체육복",1360
"프라다지갑",1360
"저",1359
"스톤아일랜드",1358
"유아웨건",1358
"등산모자",1356
"2종",1355
"순금목걸이",1355
"팰러스",1353
"베리썸",1352
"닌텐도",1350
"초고속블렌더",1350
"레이캅rt",1349
"몽크로스후라이팬",1349
"윤호문희",1349
"이유식",1349
"키엘",1349
"구스",1348
"싱글침구세트",1348
"프리바이오틱스",1348
"아너스무선",1346
"아리따움모노아이즈",1344
"카라바오",1343
"스우시",1341
"고대기",1340
"멀티비타민",1340
"테크팩",1340
"페도라l5",1340
"장난감",1339
"리체나",1338
"애플비입체토이북",1337
"여름바지",1337
"한샘바스",1337
"남성슬립온",1336
"의료실비",1336
"달팽이",1335
"아이폰",1335
"태현실전복장",1335
3,1334
"방콕파타야",1331
"쿠첸밥솥",1331
"비",1330
"풋사과",1329
"검은콩두유",1327
"라벨르",1326
"칼하트후드티",1325
g4,1324
"18k귀걸이",1322
"다이나톤",1322
"벙커침대",1322
"자동차매트",1322
"자전거용품",1322
"여성모자",1321
"자코모",1320
"테블릿pc",1320
"사은품",1319
"킬커버",1319
"야마하",1317
"여성잠바",1317
"라텍스베개",1315
"젤리팩",1315
"테팔매직핸즈",1313
"홍어",1313
"ú",1312
8c5,1307
"게스청바지",1307
"팔로모침대",1307
"맥시",1306
"머그컵",1305
"아디다스슈퍼스타키즈",1305
"아이오페스템셀",1305
lapiaf,1304
"누페이스트리니티",1304
"쿠쿠공기청정기",1304
"화장실",1303
"힐",1303
"6인용",1302
"데상트트레이닝복",1302
"베르떼",1302
"블루투스스피커",1302
"에이지큐어",1302
"해",1302
s1000,1301
"6종",1300
"노세범파우더",1300
"노트4",1300
"스톤헨지",1299
"겨",1298
"매생이",1298
"세신퀸센스",1298
"스킨푸드",1297
"아쿠아픽",1297
"박홍근이불",1296
"애플",1296
"간장게장",1295
"리필",1295
"머렐",1295
"스포츠",1295
"차렵이불패드세트",1295
"휘트니스복",1294
"위닉스공기청정기",1293
"미니믹서기",1292
"괌여행",1290
"노트",1290
"이클립스내열냄비",1290
"밀대걸레",1288
"벨로까사",1287
"카라카라오렌지",1287
"베지밀",1285
"인기원피스",1285
"텔레비젼",1285
"엘란실라",1284
"전동공구",1284
"발매트",1282
"바이오더마",1280
"호",1280
"9.7",1279
"스탈리",1279
"하우동천질경이",1279
"리퍼상품",1277
"쥬얼리세트",1277
"페레가모",1277
"북경여행",1276
"엄마옷",1276
"웅진코웨이",1276
"최경주골프바지",1276
"통굽신발",1276
"카라",1274
"하루한줌견과",1274
"순면",1272
"영의정",1272
"유정낙지",1271
"청호나이스",1270
rh,1269
"유리냄비",1269
si,1268
"áî",1267
"미키모토진주캡슐",1267
"나스",1266
"5종",1265
"남성구두3종",1265
"지오마",1265
258b,1264
"아우터",1264
"얼굴맛사지기",1264
"송혜교립스틱",1263
"크리넥스",1263
"굿잠베개",1261
"자코모쇼파",1261
"정관장홍삼",1261
"치아미백",1260
"퀴니",1259
"톡젤",1258
"들애수",1256
"미네랄썬킬",1256
"미패드",1256
"아이러브",1256
"에어맥스95",1256
lgtv,1255
"시크릿m",1255
"호주여행",1255
"ahc파운데이션",1254
"미키",1254
"안국루테인",1254
"코치크로스백",1254
"삼성냉장고t9000",1253
"삼성컴퓨터",1253
"아이넥스식기건조대",1253
"오리훈제",1253
"파크론버블매트",1253
ns,1251
"비비안속옷",1251
"안마의자렌탈",1250
"k2등산화",1249
"런닝",1249
"어퓨",1248
"엘라호야",1248
"무교동유정낙지",1247
"싱크대선반",1247
"폴란드그릇",1247
"석류",1246
"유리밀폐용기",1243
"무풍에어컨",1242
"종근당오메가3",1241
"퓨리케어",1241
"뷔아르네",1240
"겐조맨투맨",1239
"기",1239
"로얄",1239
"한샘침대",1239
"국내여행",1237
"로보가죽",1237
"스페인",1236
"누티바",1235
"레파차지",1235
"빈치스벤치",1235
"헤어캡",1235
"몰펀주니어500",1234
"가죽코트",1233
"세제혁명지엘",1233
"오일틴트",1233
"차앤박프로폴리스앰플",1233
"캐시미어",1233
"레베카밍코프",1232
"안마",1231
"호크베타",1231
"헬스복",1230
"카말돌리",1229
"자이글웰빙",1228
"쟈켓",1227
"퓨어",1226
"예츠",1225
"주물냄비",1225
"6인식탁",1224
"각질제거기",1224
"미니세탁기",1224
"섹시속옷",1224
"오쿠2016",1224
"여성나이키반바지",1223
"요구르트제조기",1223
"분유",1221
"어성초샴푸",1221
"오메가",1220
m,1219
"오트리베리넛츠",1219
"맥스클리닉트러플",1218
"미니멈",1216
"프랑프랑",1216
"한일",1216
"써마지",1215
"푸켓여행",1215
"로이스",1213
"유아용품",1213
"뉴발란스키즈",1212
"에밀앙리",1212
"남성복",1211
"롯데",1211
"사",1211
"서류가방",1211
"에어매트",1211
"해리메이슨",1210
"에끌레브",1209
"초고속",1209
"이누스방수비데",1208
"남자트레이닝복",1207
"백조이",1207
"베리",1207
"알러지이불",1206
"방콕",1204
"lg정수기",1202
"랜드마스터",1202
"아임닭",1202
"클",1202
"흥국생명",1202
"에블린",1200
"카파",1200
"복합기",1199
"캐시밴질랜드",1199
"아쿠아",1198
uhdtv,1197
"가죽쇼파",1196
"조아맘",1196
"디오가닉",1195
"매직기",1195
"싱글",1195
"까사온",1194
"프로방스",1193
"순금반지",1192
"실리온",1192
"행남자기",1192
"코코비안코",1190
"휘센에어컨",1190
"슈퍼콤마비",1187
"피에르가르뎅",1187
"곤드레",1185
"에어워셔",1183
"여성장지갑",1183
"4도어냉장고",1182
ny212,1182
"벽돌벽지",1182
"셀쎄라",1182
"풀세트",1182
"보니스팍스",1181
"이불커버",1180
"3인소파",1179
"여성클러치백",1179
"스트레치",1178
"캐치맙",1178
"세사",1177
"태양",1177
"톤업크림",1177
"샤넬가방",1176
"엘르",1176
"꿈비매트1",1175
"믹서",1175
"알",1175
"lg청소기",1174
"시트지",1174
"원목침대",1174
"코튼",1174
"화장품세트",1173
"가스그릴",1172
"포트메리온6인조",1172
"남자정장",1171
"라텍스매트",1171
"발뮤다공기청정기",1171
"등산가방",1169
"라",1169
"쿠셔니",1169
"나이키트레이닝복",1168
"버버리스카프",1168
v6,1167
"갤럭시a8",1167
"남성니트",1166
"모달티셔츠",1166
"보스턴백",1166
"잭앤질",1166
"가스건조기",1164
"바나바나",1164
"수려한진생",1164
"여성정장자켓",1164
"포인트벽지",1164
"로우",1161
"빅백",1160
"에코",1160
"워터픽",1160
"유아책",1160
"캐논셀피",1160
"하기스네이처메이드",1160
"암버팜",1159
"플리츠미",1159
q9000,1158
"제옥스",1157
"키플링크로스백",1157
16,1155
"김소형",1155
"밴딩바지",1155
"쇼파테이블",1154
"웨지",1154
"왕톡",1153
"여성기초화장품",1152
"우",1151
"호주",1151
"홍삼정마일드",1151
"더블하트",1150
"욕실청소",1150
"한센",1150
"skt기기변경",1149
"골드바",1149
"가누다베게",1146
"메이크업",1146
"칡즙",1145
"7부",1144
"델시캐리어",1144
"블랙라벨",1144
"미구하라",1143
"앱솔루트",1143
"헬리한센",1143
"귀리",1142
"음파칫솔",1142
